url,name,distance,altitude_up,altitude_down,duration,difficulty_level,fitness_level
https://schweizmobil.ch/de/wanderland/route-101,Sentier du Rhône,20 km,460 m,480 m,5 h 24 min,leicht (Wanderweg),mittel
https://schweizmobil.ch/de/wanderland/route-102,Far West du canton de Genève,11 km,280 m,280 m,3 h,,leicht
https://schweizmobil.ch/de/wanderland/route-103,Rive Droite,19 km,380 m,460 m,5 h,leicht (Wanderweg),mittel
https://schweizmobil.ch/de/wanderland/route-104,Au fil de la Versoix,10 km,120 m,200 m,2 h 25 min,leicht (Wanderweg),leicht
https://schweizmobil.ch/de/wanderland/route-105,Entre Arve et Lac,18 km,240 m,190 m,4 h 24 min,leicht (Wanderweg),mittel
https://schweizmobil.ch/de/wanderland/route-107,Chemin des Gorges de Covatannaz,7 km,60 m,500 m,1 h 50 min,,mittel
https://schweizmobil.ch/de/wanderland/route-109,Tour de La Palette,8 km,560 m,420 m,2 h 49 min,,mittel
https://schweizmobil.ch/de/wanderland/route-113,Terrasses de Lavaux,11 km,440 m,420 m,3 h 15 min,leicht (Wanderweg),mittel
https://schweizmobil.ch/de/wanderland/route-114,Sentier des Toblerones,18 km,160 m,520 m,4 h 30 min,leicht (Wanderweg),mittel
https://schweizmobil.ch/de/wanderland/route-116,Chemin de La Dôle,15 km,880 m,700 m,5 h,leicht (Wanderweg),mittel
https://schweizmobil.ch/de/wanderland/route-117,Chemin de la Dent de Vaulion,10 km,440 m,440 m,3 h,leicht (Wanderweg),mittel
https://schweizmobil.ch/de/wanderland/route-120,Chemin des pyramides de Gypse,12 km,560 m,560 m,3 h 40 min,mittel (Bergwanderweg),mittel
https://schweizmobil.ch/de/wanderland/route-121,Tour de L’Argentine,13 km,1’050 m,1’050 m,5 h 15 min,,schwer
https://schweizmobil.ch/de/wanderland/route-123,Sentier du Mont d'Or,13 km,840 m,840 m,4 h 30 min,,mittel
https://schweizmobil.ch/de/wanderland/route-124,Sentier du patrimoine de Romainmôtier,13 km,400 m,400 m,3 h 40 min,,mittel
https://schweizmobil.ch/de/wanderland/route-125,Sentier du Noirmont,14 km,680 m,680 m,4 h 20 min,leicht (Wanderweg),mittel
https://schweizmobil.ch/de/wanderland/route-127,Tour du Lac de Joux,23 km,260 m,260 m,5 h 35 min,,schwer
https://schweizmobil.ch/de/wanderland/route-128,Chemin du Vallon de l'Aubonne,11 km,260 m,420 m,2 h 49 min,leicht (Wanderweg),mittel
https://schweizmobil.ch/de/wanderland/route-129,Tour du Vallon des Vaux,14 km,360 m,360 m,3 h 40 min,,mittel
https://schweizmobil.ch/de/wanderland/route-130,Au sommet du Jura,16 km,740 m,1’000 m,5 h,,schwer
https://schweizmobil.ch/de/wanderland/route-131,Chemin de la Sarine au Pays-d'Enhaut,14 km,340 m,440 m,3 h 45 min,,mittel
https://schweizmobil.ch/de/wanderland/route-132,Sentier du Sel,13 km,360 m,680 m,3 h 34 min,leicht (Wanderweg),mittel
https://schweizmobil.ch/de/wanderland/route-133,Chemin des Narcisses,6 km,380 m,380 m,2 h,leicht (Wanderweg),leicht
https://schweizmobil.ch/de/wanderland/route-135,Sentier de la Jougnena,19 km,480 m,480 m,5 h,leicht (Wanderweg),mittel
https://schweizmobil.ch/de/wanderland/route-137,Sentier du Talent,9 km,260 m,170 m,2 h 30 min,,leicht
https://schweizmobil.ch/de/wanderland/route-138,Sentier nature Grand Lausanne,19 km,660 m,660 m,5 h,leicht (Wanderweg),mittel
https://schweizmobil.ch/de/wanderland/route-144,Sentier du Salève,7 km,780 m,80 m,2 h 40 min,mittel (Bergwanderweg),mittel
https://schweizmobil.ch/de/wanderland/route-159,Höhenweg Almagelleralp,11 km,300 m,1’050 m,3 h 25 min,mittel (Bergwanderweg),schwer
https://schweizmobil.ch/de/wanderland/route-160,Sentier des Chamois,12 km,700 m,1’450 m,4 h 45 min,,schwer
https://schweizmobil.ch/de/wanderland/route-180,Zauberwasser-Weg Grächen,13 km,460 m,460 m,3 h 49 min,leicht (Wanderweg),mittel
https://schweizmobil.ch/de/wanderland/route-181,Suonenweg Brandalp–Eischoll,10 km,320 m,700 m,3 h,,mittel
https://schweizmobil.ch/de/wanderland/route-182,Fafleralp-Rundweg,11 km,680 m,680 m,3 h 49 min,mittel (Bergwanderweg),mittel
https://schweizmobil.ch/de/wanderland/route-183,Gemsweg Saas-Fee,8 km,180 m,720 m,2 h 19 min,,mittel
https://schweizmobil.ch/de/wanderland/route-184,Gommer Höhenweg,12 km,660 m,680 m,4 h,,mittel
https://schweizmobil.ch/de/wanderland/route-185,Turtmanntaler Aussichtsweg,13 km,860 m,860 m,4 h 39 min,,mittel
https://schweizmobil.ch/de/wanderland/route-186,5-Seenweg Zermatt,11 km,380 m,660 m,3 h 15 min,mittel (Bergwanderweg),mittel
https://schweizmobil.ch/de/wanderland/route-187,Über die Raspille,11 km,300 m,740 m,3 h 10 min,mittel (Bergwanderweg),mittel
https://schweizmobil.ch/de/wanderland/route-188,Walliser Steppen- und Föhrenweg,11 km,680 m,700 m,3 h 49 min,mittel (Bergwanderweg),mittel
https://schweizmobil.ch/de/wanderland/route-189,Riederfurka-Knebelbrückenweg,10 km,740 m,740 m,3 h 45 min,,mittel
https://schweizmobil.ch/de/wanderland/route-190,7-Seenwanderweg Bellwald,7 km,240 m,720 m,2 h 15 min,mittel (Bergwanderweg),mittel
https://schweizmobil.ch/de/wanderland/route-191,Moosalp Panoramaweg,6 km,260 m,260 m,1 h 54 min,,leicht
https://schweizmobil.ch/de/wanderland/route-192,Binntal Schaplersee-Weg,8 km,740 m,860 m,3 h 34 min,mittel (Bergwanderweg),mittel
https://schweizmobil.ch/de/wanderland/route-193,Randa Hängebrückenweg,7 km,680 m,680 m,3 h 10 min,,mittel
https://schweizmobil.ch/de/wanderland/route-194,Simplon-Sirwoltusee-Weg,10 km,900 m,1’100 m,4 h 24 min,,schwer
https://schweizmobil.ch/de/wanderland/route-210,Les cols du Grand-St-Bernard,12 km,1’050 m,1’050 m,5 h,mittel (Bergwanderweg),schwer
https://schweizmobil.ch/de/wanderland/route-211,Sentier de Salanfe,13 km,720 m,720 m,4 h 20 min,mittel (Bergwanderweg),mittel
https://schweizmobil.ch/de/wanderland/route-212,Bisses de Lentine et de Mont d’Orge,8 km,30 m,380 m,2 h,leicht (Wanderweg),leicht
https://schweizmobil.ch/de/wanderland/route-213,Grand Bisse d'Ayent,12 km,180 m,640 m,3 h 10 min,mittel (Bergwanderweg),mittel
https://schweizmobil.ch/de/wanderland/route-214,Chemin des villages d’Evolène,11 km,520 m,520 m,3 h 25 min,mittel (Bergwanderweg),mittel
https://schweizmobil.ch/de/wanderland/route-215,Chemin d’Ossona,8 km,360 m,540 m,2 h 34 min,mittel (Bergwanderweg),mittel
https://schweizmobil.ch/de/wanderland/route-216,Chemin du Lac de Taney,8 km,640 m,540 m,3 h,mittel (Bergwanderweg),mittel
https://schweizmobil.ch/de/wanderland/route-217,Chemin du Vallon de Réchy,15 km,720 m,720 m,4 h 45 min,mittel (Bergwanderweg),mittel
https://schweizmobil.ch/de/wanderland/route-218,Sentier du Balcon du Mont-Blanc,8 km,880 m,140 m,3 h 15 min,leicht (Wanderweg),mittel
https://schweizmobil.ch/de/wanderland/route-219,Chemin des villages et hameaux d'Entremont,14 km,420 m,900 m,4 h,mittel (Bergwanderweg),mittel
https://schweizmobil.ch/de/wanderland/route-220,Tour du Grand Chavalard,15 km,1’100 m,1’100 m,5 h 39 min,,schwer
https://schweizmobil.ch/de/wanderland/route-221,Tour du Lac de Moiry,14 km,840 m,840 m,4 h 45 min,mittel (Bergwanderweg),mittel
https://schweizmobil.ch/de/wanderland/route-223,Autour du Mont Gond,14 km,640 m,1’100 m,4 h 35 min,mittel (Bergwanderweg),schwer
https://schweizmobil.ch/de/wanderland/route-224,Sentier Panorama 4000,14 km,520 m,1’250 m,4 h 24 min,mittel (Bergwanderweg),schwer
https://schweizmobil.ch/de/wanderland/route-225,Sentier des alpages de Vionnaz,14 km,800 m,800 m,4 h 35 min,leicht,mittel
https://schweizmobil.ch/de/wanderland/route-261,Sentier du Lac de la Gruyère,43 km,1’500 m,1’500 m,,leicht (Wanderweg),
https://schweizmobil.ch/de/wanderland/route-262,Gastlosen Tour,11 km,780 m,780 m,4 h,mittel (Bergwanderweg),mittel
https://schweizmobil.ch/de/wanderland/route-263,Le Grand Tour des Vanils,13 km,820 m,700 m,4 h 30 min,mittel (Wanderweg),mittel
https://schweizmobil.ch/de/wanderland/route-265,Chemin de la Grande Cariçaie,13 km,240 m,240 m,3 h 25 min,,mittel
https://schweizmobil.ch/de/wanderland/route-266,Sentier panoramique des Paccots,13 km,720 m,720 m,4 h 9 min,,mittel
https://schweizmobil.ch/de/wanderland/route-267,Breccaschlund-Panoramaweg,14 km,480 m,900 m,4 h 9 min,,mittel
https://schweizmobil.ch/de/wanderland/route-268,Sentier historique du Vully,12 km,440 m,440 m,3 h 30 min,,mittel
https://schweizmobil.ch/de/wanderland/route-269,Gorges du Gottéron,9 km,320 m,320 m,2 h 40 min,leicht (Wanderweg),leicht
https://schweizmobil.ch/de/wanderland/route-270,Sentier de la crête du Moléson,8 km,720 m,240 m,3 h,,mittel
https://schweizmobil.ch/de/wanderland/route-271,Sentier du Vitrail de Romont,16 km,500 m,500 m,4 h 24 min,leicht (Wanderweg),mittel
https://schweizmobil.ch/de/wanderland/route-272,La Berra par la Valsainte,14 km,820 m,820 m,4 h 35 min,,mittel
https://schweizmobil.ch/de/wanderland/route-273,L’Intyamon de Montbovon à la Brâ,10 km,780 m,780 m,4 h,mittel (Bergwanderweg),mittel
https://schweizmobil.ch/de/wanderland/route-274,Auf dem Rücken des Schwyberg,18 km,900 m,900 m,5 h 45 min,,mittel
https://schweizmobil.ch/de/wanderland/route-275,Circuit de Hauterive,10 km,300 m,300 m,2 h 45 min,,leicht
https://schweizmobil.ch/de/wanderland/route-286,Sentier du Creux du Van,14 km,780 m,780 m,4 h 35 min,leicht (Wanderweg),mittel
https://schweizmobil.ch/de/wanderland/route-287,Sentier des Statues,12 km,680 m,620 m,3 h 49 min,,mittel
https://schweizmobil.ch/de/wanderland/route-288,La Vy aux Moines,15 km,400 m,700 m,4 h 9 min,,mittel
https://schweizmobil.ch/de/wanderland/route-306,Horneggli-Panoramaweg,6 km,200 m,440 m,1 h 54 min,mittel (Bergwanderweg),mittel
https://schweizmobil.ch/de/wanderland/route-307,Höhi-Wispile-Lauenensee-Weg,14 km,300 m,950 m,4 h,mittel (Bergwanderweg),schwer
https://schweizmobil.ch/de/wanderland/route-313,Höhenrundweg Gryden,7 km,320 m,320 m,2 h 15 min,mittel (Bergwanderweg),leicht
https://schweizmobil.ch/de/wanderland/route-315,Iffigsee-Rundweg,11 km,880 m,880 m,4 h 24 min,mittel (Bergwanderweg),mittel
https://schweizmobil.ch/de/wanderland/route-316,Siebenbrunnen-Weg,8 km,820 m,340 m,3 h 19 min,mittel (Bergwanderweg),mittel
https://schweizmobil.ch/de/wanderland/route-319,Leiternweide-Hängebrückenweg,6 km,380 m,320 m,2 h,,leicht
https://schweizmobil.ch/de/wanderland/route-320,Diemtigtaler Talwanderweg,16 km,680 m,130 m,4 h 30 min,leicht (Wanderweg),mittel
https://schweizmobil.ch/de/wanderland/route-321,Tschuggen-Alpwanderweg,10 km,720 m,400 m,3 h 19 min,leicht (Wanderweg),mittel
https://schweizmobil.ch/de/wanderland/route-322,Geopfad Wiriehorn,9 km,680 m,680 m,3 h 30 min,mittel (Bergwanderweg),mittel
https://schweizmobil.ch/de/wanderland/route-323,Bergweg Kraftort Grimmiwasser,10 km,660 m,660 m,3 h 34 min,,mittel
https://schweizmobil.ch/de/wanderland/route-324,Stockhorn-Panoramaweg,3 km,50 m,540 m,1 h 9 min,mittel (Bergwanderweg),mittel
https://schweizmobil.ch/de/wanderland/route-326,Sigriswiler Rothorn Panoramaweg,12 km,1’150 m,1’150 m,5 h,,schwer
https://schweizmobil.ch/de/wanderland/route-342,Niederhorn-Panoramaweg,11 km,380 m,1’100 m,3 h 30 min,,schwer
https://schweizmobil.ch/de/wanderland/route-345,Panoramaweg Schynige Platte,6 km,340 m,340 m,1 h 54 min,mittel (Bergwanderweg),leicht
https://schweizmobil.ch/de/wanderland/route-351,Mountain View Trail,5 km,520 m,110 m,2 h,,mittel
https://schweizmobil.ch/de/wanderland/route-352,Lauberhorn Trail,6 km,820 m,260 m,2 h 49 min,mittel (Bergwanderweg),mittel
https://schweizmobil.ch/de/wanderland/route-353,Eiger Trail,6 km,90 m,800 m,1 h 54 min,mittel (Bergwanderweg),mittel
https://schweizmobil.ch/de/wanderland/route-360,Brienzersee Drei Wasserfälleweg,18 km,780 m,780 m,,leicht (Wanderweg),mittel
https://schweizmobil.ch/de/wanderland/route-361,Axalp-Schnitzlerweg,6 km,400 m,400 m,2 h 4 min,mittel (Bergwanderweg),leicht
https://schweizmobil.ch/de/wanderland/route-375,Chaltenbrunnen-Hochmoorweg,14 km,880 m,1’100 m,5 h,mittel (Bergwanderweg),schwer
https://schweizmobil.ch/de/wanderland/route-379,Gantrisch-Panoramaweg,21 km,1’300 m,1’000 m,7 h,,schwer
https://schweizmobil.ch/de/wanderland/route-380,Gürbetaler Höhenweg,18 km,720 m,740 m,5 h 15 min,leicht (Wanderweg),mittel
https://schweizmobil.ch/de/wanderland/route-381,Schwarzwasser-Sense-Schluchtenweg,23 km,950 m,950 m,,leicht (Wanderweg),mittel
https://schweizmobil.ch/de/wanderland/route-382,Gürbe-Wildwasserweg,11 km,50 m,1’050 m,2 h 55 min,mittel (Bergwanderweg),schwer
https://schweizmobil.ch/de/wanderland/route-421,Chemin de Chasseral,13 km,540 m,540 m,3 h 49 min,leicht (Wanderweg),mittel
https://schweizmobil.ch/de/wanderland/route-422,Chemin de Mont-Soleil,13 km,580 m,640 m,4 h,leicht (Wanderweg),mittel
https://schweizmobil.ch/de/wanderland/route-423,Chemin de Moron,16 km,880 m,880 m,5 h,leicht (Wanderweg),mittel
https://schweizmobil.ch/de/wanderland/route-424,Chemin de Raimeux,11 km,700 m,740 m,3 h 49 min,mittel (Bergwanderweg),mittel
https://schweizmobil.ch/de/wanderland/route-425,Chemin de Bellelay,15 km,660 m,660 m,4 h 24 min,,mittel
https://schweizmobil.ch/de/wanderland/route-426,Chemin de Montoz,17 km,360 m,900 m,4 h 45 min,mittel (Bergwanderweg),mittel
https://schweizmobil.ch/de/wanderland/route-427,Chemin de la Combe Grède,13 km,720 m,660 m,4 h 9 min,,mittel
https://schweizmobil.ch/de/wanderland/route-451,Chemin Tiergart-Plain Fayen,12 km,560 m,480 m,3 h 34 min,leicht,mittel
https://schweizmobil.ch/de/wanderland/route-453,Chemin du 100e du CAS Jura,17 km,1’000 m,900 m,5 h 45 min,leicht (Wanderweg),schwer
https://schweizmobil.ch/de/wanderland/route-454,Chemin du Val Terbi,11 km,700 m,700 m,3 h 49 min,mittel (Wanderweg),mittel
https://schweizmobil.ch/de/wanderland/route-456,Bonfol Km 0,18 km,280 m,280 m,4 h 20 min,leicht (Wanderweg),mittel
https://schweizmobil.ch/de/wanderland/route-457,Des Franches-Montagnes au Doubs,15 km,800 m,800 m,4 h 39 min,mittel (Bergwanderweg),mittel
https://schweizmobil.ch/de/wanderland/route-458,Chemin des Crêtes des Franches-Montagnes,10 km,220 m,260 m,2 h 34 min,leicht (Wanderweg),leicht
https://schweizmobil.ch/de/wanderland/route-459,Chemin de la Courtine,14 km,680 m,240 m,4 h 9 min,leicht (Wanderweg),mittel
https://schweizmobil.ch/de/wanderland/route-469,Wildenstein – Rifenstein Weg,16 km,580 m,400 m,4 h 30 min,leicht (Wanderweg),mittel
https://schweizmobil.ch/de/wanderland/route-470,Wasserfallen-Rundweg,10 km,560 m,560 m,3 h 10 min,leicht (Wanderweg),mittel
https://schweizmobil.ch/de/wanderland/route-471,Baselbieter Chirsiweg,11 km,400 m,260 m,3 h,,leicht
https://schweizmobil.ch/de/wanderland/route-478,Weissenstein-Passwang-Weg,32 km,1’850 m,1’350 m,,leicht (Wanderweg),schwer
https://schweizmobil.ch/de/wanderland/route-484,Wolfsschlucht-Weg,13 km,860 m,860 m,4 h 39 min,leicht (Wanderweg),mittel
https://schweizmobil.ch/de/wanderland/route-485,Tüfelsschlucht-Belchen-Weg,17 km,800 m,840 m,5 h,leicht (Wanderweg),mittel
https://schweizmobil.ch/de/wanderland/route-501,Oberdorf-Grenchen-Waldrandweg,12 km,200 m,420 m,3 h,,mittel
https://schweizmobil.ch/de/wanderland/route-502,Balmberg-Röti-Rundweg,8 km,440 m,440 m,2 h 34 min,leicht (Wanderweg),mittel
https://schweizmobil.ch/de/wanderland/route-528,Luzerner Kapellenweg,21 km,340 m,460 m,5 h 9 min,leicht (Wanderweg),schwer
https://schweizmobil.ch/de/wanderland/route-530,Köhlerweg Romoos,11 km,880 m,620 m,4 h,,mittel
https://schweizmobil.ch/de/wanderland/route-564,Kapellenweg Engelbergertal,18 km,1’000 m,1’000 m,6 h 9 min,mittel (Bergwanderweg),schwer
https://schweizmobil.ch/de/wanderland/route-565,Bärfallen-Panorama-Weg,7 km,150 m,600 m,2 h 4 min,,mittel
https://schweizmobil.ch/de/wanderland/route-566,Felsenweg Bürgenstock,5 km,180 m,180 m,1 h 24 min,leicht (Wanderweg),leicht
https://schweizmobil.ch/de/wanderland/route-568,Wildbeobachtungspfad Emmetten,11 km,580 m,880 m,3 h 49 min,mittel (Bergwanderweg),mittel
https://schweizmobil.ch/de/wanderland/route-569,Benediktusweg,22 km,1’650 m,1’450 m,8 h 15 min,,schwer
https://schweizmobil.ch/de/wanderland/route-570,Nidwaldner Zentrumsweg,20 km,1’450 m,1’450 m,,mittel (Bergwanderweg),schwer
https://schweizmobil.ch/de/wanderland/route-571,Bruderklausenweg,21 km,820 m,800 m,6 h,leicht (Wanderweg),schwer
https://schweizmobil.ch/de/wanderland/route-573,Walenpfad,11 km,780 m,660 m,4 h,mittel (Bergwanderweg),mittel
https://schweizmobil.ch/de/wanderland/route-574,Vier-Seen-Wanderung,15 km,620 m,760 m,4 h 35 min,mittel (Bergwanderweg),mittel
https://schweizmobil.ch/de/wanderland/route-575,Schmetterlingspfad Lungern,14 km,380 m,1’250 m,4 h,mittel (Bergwanderweg),schwer
https://schweizmobil.ch/de/wanderland/route-576,Bärgmandlipfad Giswil,14 km,950 m,950 m,5 h,,schwer
https://schweizmobil.ch/de/wanderland/route-587,Wildheupfad,7 km,380 m,820 m,2 h 45 min,mittel (Bergwanderweg),mittel
https://schweizmobil.ch/de/wanderland/route-588,Clariden-Höhenweg,9 km,560 m,500 m,3 h 10 min,mittel (Bergwanderweg),mittel
https://schweizmobil.ch/de/wanderland/route-590,Höhenweg Maderanertal,16 km,840 m,1’400 m,5 h 39 min,mittel (Bergwanderweg),schwer
https://schweizmobil.ch/de/wanderland/route-593,Nordspitze Panoramaweg,14 km,440 m,440 m,3 h 45 min,leicht (Wanderweg),mittel
https://schweizmobil.ch/de/wanderland/route-595,Höhenweg Schächental,22 km,740 m,1’250 m,6 h 15 min,mittel (Bergwanderweg),schwer
https://schweizmobil.ch/de/wanderland/route-599,ViaUrschweiz,20 km,1’950 m,780 m,,mittel (Bergwanderweg),schwer
https://schweizmobil.ch/de/wanderland/route-608,Sentiero Caprino–Cantine di Gandria,4 km,200 m,200 m,1 h 20 min,mittel (Bergwanderweg),leicht
https://schweizmobil.ch/de/wanderland/route-611,Giro della Valle del Salto,9 km,720 m,720 m,3 h 34 min,,mittel
https://schweizmobil.ch/de/wanderland/route-613,Sentiero del Monte Gambarogno,7 km,380 m,800 m,2 h 40 min,,mittel
https://schweizmobil.ch/de/wanderland/route-625,Giro delle Tre Valli,12 km,1’050 m,1’050 m,5 h,mittel (Bergwanderweg),schwer
https://schweizmobil.ch/de/wanderland/route-626,Giro del Castello di Serravalle,6 km,480 m,480 m,2 h 30 min,,mittel
https://schweizmobil.ch/de/wanderland/route-627,Claro e il suo Monastero,6 km,500 m,500 m,2 h 19 min,mittel (Bergwanderweg),mittel
https://schweizmobil.ch/de/wanderland/route-628,Giro del ponte tibetano,9 km,700 m,700 m,3 h 34 min,mittel (Bergwanderweg),mittel
https://schweizmobil.ch/de/wanderland/route-629,Sentiero etnografico Revöira,8 km,500 m,500 m,2 h 49 min,leicht (Wanderweg),mittel
https://schweizmobil.ch/de/wanderland/route-631,La Via del Mercato,12 km,720 m,950 m,4 h 20 min,mittel (Bergwanderweg),schwer
https://schweizmobil.ch/de/wanderland/route-632,Sentiero del Monte Bar,12 km,1’000 m,1’000 m,5 h,mittel (Bergwanderweg),schwer
https://schweizmobil.ch/de/wanderland/route-633,Giro del Monte Tamaro,10 km,720 m,720 m,3 h 40 min,mittel (Bergwanderweg),mittel
https://schweizmobil.ch/de/wanderland/route-634,Sentiero delle meraviglie,6 km,360 m,360 m,2 h,mittel (Bergwanderweg),leicht
https://schweizmobil.ch/de/wanderland/route-635,Sentiero del Monte Generoso,9 km,660 m,660 m,3 h 30 min,mittel (Bergwanderweg),mittel
https://schweizmobil.ch/de/wanderland/route-636,Sentiero del Monte San Giorgio,13 km,740 m,740 m,4 h 20 min,,mittel
https://schweizmobil.ch/de/wanderland/route-637,Giro delle Rovine del Castelliere,6 km,460 m,440 m,2 h 19 min,mittel (Bergwanderweg),mittel
https://schweizmobil.ch/de/wanderland/route-638,Sentiero Salèi e Pizzo Zucchero,12 km,1’150 m,1’100 m,5 h 20 min,,schwer
https://schweizmobil.ch/de/wanderland/route-659,Senda Ruinaulta,10 km,360 m,360 m,2 h 45 min,mittel (Bergwanderweg),leicht
https://schweizmobil.ch/de/wanderland/route-661,Flimspitz-Rundweg,8 km,600 m,600 m,3 h,mittel (Bergwanderweg),mittel
https://schweizmobil.ch/de/wanderland/route-662,Stammerjoch-Weg,11 km,880 m,880 m,4 h 20 min,mittel (Bergwanderweg),mittel
https://schweizmobil.ch/de/wanderland/route-667,Senda dils senns Val Plattas,6 km,440 m,440 m,2 h 15 min,leicht (Wanderweg),mittel
https://schweizmobil.ch/de/wanderland/route-675,Hexenplatte-Weg,12 km,860 m,860 m,4 h 24 min,mittel (Bergwanderweg),mittel
https://schweizmobil.ch/de/wanderland/route-676,Pazolastock-Rheinquelle-Weg,10 km,900 m,900 m,4 h 24 min,mittel (Bergwanderweg),mittel
https://schweizmobil.ch/de/wanderland/route-677,Lag Serein - Lag Crest Ault,11 km,560 m,1’200 m,4 h,mittel (Bergwanderweg),schwer
https://schweizmobil.ch/de/wanderland/route-678,Hochtal Val Frisal,12 km,600 m,950 m,4 h,mittel (Bergwanderweg),schwer
https://schweizmobil.ch/de/wanderland/route-680,Senda Desertina,13 km,540 m,540 m,,,
https://schweizmobil.ch/de/wanderland/route-690,Erlebnisweg Glaspass,8 km,500 m,500 m,2 h 40 min,,mittel
https://schweizmobil.ch/de/wanderland/route-693,Via Capricorn,51 km,3’400 m,3’400 m,,mittel (Bergwanderweg),schwer
https://schweizmobil.ch/de/wanderland/route-699,Panyer Rundweg,16 km,1’100 m,1’100 m,5 h 45 min,,schwer
https://schweizmobil.ch/de/wanderland/route-701,Furner Rundweg,14 km,740 m,740 m,4 h 30 min,mittel (Bergwanderweg),mittel
https://schweizmobil.ch/de/wanderland/route-702,Schijenfluh Umrundung,12 km,880 m,880 m,4 h 35 min,,mittel
https://schweizmobil.ch/de/wanderland/route-712,Sentiero Alpino Calanca,45 km,3’400 m,4’500 m,,mittel (Bergwanderweg),schwer
https://schweizmobil.ch/de/wanderland/route-721,Senda Ils Lejins,6 km,420 m,420 m,2 h 15 min,mittel (Bergwanderweg),mittel
https://schweizmobil.ch/de/wanderland/route-724,Sentiero Val da Camp,5 km,340 m,340 m,1 h 54 min,,leicht
https://schweizmobil.ch/de/wanderland/route-726,Sentiero Lagh dal Mat,12 km,860 m,860 m,4 h 30 min,mittel (Bergwanderweg),mittel
https://schweizmobil.ch/de/wanderland/route-735,Walserweg Safiental,34 km,2’500 m,1’700 m,,mittel (Bergwanderweg),mittel
https://schweizmobil.ch/de/wanderland/route-737,Via Calanca,21 km,1’250 m,500 m,,leicht (Wanderweg),leicht
https://schweizmobil.ch/de/wanderland/route-738,Heidbüel-Tgantieni-Höhenweg,6 km,300 m,480 m,2 h,,mittel
https://schweizmobil.ch/de/wanderland/route-739,Dreibündenstein Panoramaweg,12 km,700 m,840 m,4 h 9 min,,mittel
https://schweizmobil.ch/de/wanderland/route-748,Senda Crap la Tretscha,7 km,200 m,200 m,1 h 54 min,,leicht
https://schweizmobil.ch/de/wanderland/route-753,Walserweg Obersaxen,10 km,520 m,480 m,3 h,mittel (Bergwanderweg),mittel
https://schweizmobil.ch/de/wanderland/route-754,Pfad der Pioniere Parc Ela,9 km,460 m,460 m,2 h 49 min,,mittel
https://schweizmobil.ch/de/wanderland/route-757,Alte Averserstrasse,28 km,1’850 m,820 m,,mittel (Bergwanderweg),schwer
https://schweizmobil.ch/de/wanderland/route-759,Surettaseen-Weg,13 km,860 m,860 m,4 h 35 min,,mittel
https://schweizmobil.ch/de/wanderland/route-763,Heinzenberger-Gratweg,18 km,1’050 m,1’400 m,6 h 24 min,,schwer
https://schweizmobil.ch/de/wanderland/route-764,Trutg dil Flem – Flimser Wasserweg,14 km,360 m,1’400 m,4 h 30 min,,schwer
https://schweizmobil.ch/de/wanderland/route-766,Aroser-Weisshorn-Weg,10 km,700 m,860 m,3 h 45 min,mittel (Bergwanderweg),mittel
https://schweizmobil.ch/de/wanderland/route-767,Schiesshorn-Weg,13 km,1’000 m,1’000 m,5 h 15 min,mittel (Bergwanderweg),schwer
https://schweizmobil.ch/de/wanderland/route-768,Arosa-Ochsenalp Rundtour,15 km,640 m,640 m,4 h 20 min,,mittel
https://schweizmobil.ch/de/wanderland/route-787,Silvretta Gletscherlehrpfad,11 km,1’100 m,1’100 m,5 h 9 min,mittel (Bergwanderweg),schwer
https://schweizmobil.ch/de/wanderland/route-788,Jöriseen Rundweg,11 km,950 m,950 m,4 h 30 min,mittel (Bergwanderweg),schwer
https://schweizmobil.ch/de/wanderland/route-789,Alter Zügenweg,11 km,380 m,640 m,3 h 15 min,mittel (Bergwanderweg),mittel
https://schweizmobil.ch/de/wanderland/route-791,Alpenweg Davos,23 km,900 m,1’650 m,7 h,,schwer
https://schweizmobil.ch/de/wanderland/route-792,Flüela-Schwarzhorn-Weg,8 km,820 m,820 m,3 h 40 min,,mittel
https://schweizmobil.ch/de/wanderland/route-796,Via Panoramica Val Bregaglia,14 km,580 m,950 m,4 h 30 min,mittel (Bergwanderweg),schwer
https://schweizmobil.ch/de/wanderland/route-801,A la riva dal Rom,15 km,140 m,640 m,3 h 34 min,mittel (Bergwanderweg),mittel
https://schweizmobil.ch/de/wanderland/route-802,Senda Val Müstair,9 km,260 m,480 m,2 h 34 min,mittel (Bergwanderweg),mittel
https://schweizmobil.ch/de/wanderland/route-804,Senda Muottas da Schlarigna,8 km,560 m,560 m,2 h 55 min,mittel (Bergwanderweg),mittel
https://schweizmobil.ch/de/wanderland/route-806,Aussichtsweg Morteratschgletscher,6 km,240 m,240 m,1 h 50 min,mittel (Bergwanderweg),leicht
https://schweizmobil.ch/de/wanderland/route-810,Braunwald-Oberblegisee-Weg,9 km,220 m,680 m,2 h 30 min,leicht (Wanderweg),mittel
https://schweizmobil.ch/de/wanderland/route-811,Senda Val Trupchun,14 km,620 m,620 m,4 h 15 min,mittel (Bergwanderweg),mittel
https://schweizmobil.ch/de/wanderland/route-812,Margunet,8 km,500 m,600 m,2 h 49 min,,mittel
https://schweizmobil.ch/de/wanderland/route-813,Kinderpfad Champlönch,6 km,300 m,340 m,1 h 54 min,,leicht
https://schweizmobil.ch/de/wanderland/route-814,Hirzli-Rundweg,7 km,660 m,660 m,3 h 10 min,,mittel
https://schweizmobil.ch/de/wanderland/route-815,Glarus-Rundweg,10 km,400 m,400 m,2 h 55 min,leicht (Wanderweg),leicht
https://schweizmobil.ch/de/wanderland/route-816,Braunwald Panoramaweg,9 km,480 m,480 m,2 h 49 min,,mittel
https://schweizmobil.ch/de/wanderland/route-817,Elm-Höhenweg,6 km,150 m,380 m,1 h 39 min,leicht (Wanderweg),leicht
https://schweizmobil.ch/de/wanderland/route-818,Kärpfbrugg-Rundweg,7 km,400 m,400 m,2 h 25 min,mittel (Bergwanderweg),leicht
https://schweizmobil.ch/de/wanderland/route-819,Weissenberge-Rundweg,4 km,180 m,180 m,1 h 5 min,,leicht
https://schweizmobil.ch/de/wanderland/route-820,Kerenzerberg Römerweg,13 km,620 m,640 m,4 h,leicht (Wanderweg),mittel
https://schweizmobil.ch/de/wanderland/route-821,Holzflue-Rundweg,4 km,420 m,420 m,2 h,,mittel
https://schweizmobil.ch/de/wanderland/route-822,Schabziger Höhenweg,7 km,480 m,360 m,2 h 25 min,,mittel
https://schweizmobil.ch/de/wanderland/route-823,Ahornen-Rundweg,11 km,660 m,660 m,3 h 45 min,,mittel
https://schweizmobil.ch/de/wanderland/route-826,Urwaldweg Bödmeren,10 km,460 m,460 m,3 h,,mittel
https://schweizmobil.ch/de/wanderland/route-827,Gratweg Stoos,4 km,380 m,400 m,1 h 50 min,,leicht
https://schweizmobil.ch/de/wanderland/route-828,Goldauer Bergsturzspur,8 km,620 m,620 m,3 h 15 min,leicht (Wanderweg),mittel
https://schweizmobil.ch/de/wanderland/route-829,Mythenweg,6 km,660 m,660 m,3 h,mittel (Bergwanderweg),mittel
https://schweizmobil.ch/de/wanderland/route-830,Ybriger 7-Egg-Weg,11 km,340 m,740 m,3 h,leicht (Wanderweg),mittel
https://schweizmobil.ch/de/wanderland/route-831,Rigi Scheidegg-Weg,8 km,1’250 m,50 m,3 h 45 min,,schwer
https://schweizmobil.ch/de/wanderland/route-832,Karstspur Silberen,14 km,1’050 m,1’050 m,5 h 24 min,mittel (Bergwanderweg),schwer
https://schweizmobil.ch/de/wanderland/route-835,Moorweg Rothenthurm,10 km,260 m,150 m,2 h 45 min,leicht (Wanderweg),leicht
https://schweizmobil.ch/de/wanderland/route-836,Mäderenweg,6 km,400 m,150 m,2 h,,leicht
https://schweizmobil.ch/de/wanderland/route-859,Zürcher Weinland Weg,15 km,280 m,260 m,3 h 49 min,,mittel
https://schweizmobil.ch/de/wanderland/route-860,Regensberg Weg,8 km,320 m,320 m,2 h 19 min,leicht (Wanderweg),leicht
https://schweizmobil.ch/de/wanderland/route-864,Hüttchopf Weg,14 km,640 m,720 m,4 h 30 min,,mittel
https://schweizmobil.ch/de/wanderland/route-866,Wildnisweg Sihlwald,6 km,300 m,420 m,1 h 54 min,leicht (Wanderweg),mittel
https://schweizmobil.ch/de/wanderland/route-868,Werenbachtobel-Weg,7 km,240 m,240 m,1 h 54 min,leicht (Wanderweg),leicht
https://schweizmobil.ch/de/wanderland/route-869,Erlenbach-Küsnacht Tobelweg,10 km,320 m,320 m,2 h 49 min,leicht (Wanderweg),leicht
https://schweizmobil.ch/de/wanderland/route-870,Mülitobel-Sihl-Weg,14 km,560 m,240 m,3 h 49 min,leicht (Wanderweg),mittel
https://schweizmobil.ch/de/wanderland/route-872,Tüfelschilen-Schauenberg Weg,16 km,660 m,640 m,4 h 39 min,leicht (Wanderweg),mittel
https://schweizmobil.ch/de/wanderland/route-898,Schaffhauser Grenzweg,14 km,360 m,320 m,3 h 40 min,leicht (Wanderweg),mittel
https://schweizmobil.ch/de/wanderland/route-899,Blauburgunderland Panoramaweg,14 km,220 m,380 m,3 h 30 min,leicht (Wanderweg),mittel
https://schweizmobil.ch/de/wanderland/route-901,Randen Weg,16 km,640 m,560 m,4 h 39 min,leicht (Wanderweg),mittel
https://schweizmobil.ch/de/wanderland/route-902,Reiatweg,19 km,560 m,560 m,5 h 9 min,,mittel
https://schweizmobil.ch/de/wanderland/route-906,Thurgauer Tannzapfenweg,12 km,540 m,540 m,3 h 30 min,leicht (Wanderweg),mittel
https://schweizmobil.ch/de/wanderland/route-907,Thurgauer Rundwanderweg,9 km,400 m,360 m,2 h 45 min,,leicht
https://schweizmobil.ch/de/wanderland/route-908,Stählibuckweg,17 km,420 m,440 m,4 h 20 min,,mittel
https://schweizmobil.ch/de/wanderland/route-910,Thurgauer Rebenweg,14 km,240 m,300 m,3 h 34 min,leicht (Wanderweg),mittel
https://schweizmobil.ch/de/wanderland/route-912,Thurgauer Napoleon-Weg,17 km,380 m,240 m,4 h 15 min,,mittel
https://schweizmobil.ch/de/wanderland/route-922,Margelchopf-Gipfelweg,11 km,900 m,1’050 m,4 h 35 min,mittel (Bergwanderweg),schwer
https://schweizmobil.ch/de/wanderland/route-929,Hasenboden-Weg,7 km,240 m,620 m,2 h 15 min,leicht (Wanderweg),mittel
https://schweizmobil.ch/de/wanderland/route-931,5-Seen-Wanderung Pizol,10 km,620 m,1’000 m,3 h 45 min,mittel (Bergwanderweg),schwer
https://schweizmobil.ch/de/wanderland/route-932,7-Gipfel-Tour Flumserberg,15 km,880 m,1’550 m,5 h 45 min,,schwer
https://schweizmobil.ch/de/wanderland/route-933,Murgseen Rundweg,15 km,950 m,950 m,5 h 9 min,mittel (Bergwanderweg),schwer
https://schweizmobil.ch/de/wanderland/route-934,Quinten Seeweg,11 km,560 m,560 m,3 h 25 min,mittel (Bergwanderweg),mittel
https://schweizmobil.ch/de/wanderland/route-937,Taminaschlucht Rundweg,13 km,480 m,480 m,3 h 45 min,,mittel
https://schweizmobil.ch/de/wanderland/route-948,Ofenloch-Weg,15 km,720 m,1’200 m,5 h,,schwer
https://schweizmobil.ch/de/wanderland/route-950,Churfirsten-Weg,10 km,1’100 m,720 m,4 h 35 min,mittel (Bergwanderweg),schwer
https://schweizmobil.ch/de/wanderland/route-951,Gamplüt-Säntis-Weg,10 km,1’500 m,400 m,5 h,mittel (Bergwanderweg),schwer
https://schweizmobil.ch/de/wanderland/route-952,Wilket-Gratweg,12 km,860 m,720 m,4 h 24 min,,mittel
https://schweizmobil.ch/de/wanderland/route-960,St. Galler Brückenweg,8 km,220 m,320 m,2 h 15 min,leicht (Wanderweg),leicht
https://schweizmobil.ch/de/wanderland/route-970,St. Galler Panoramaweg,11 km,500 m,380 m,3 h 10 min,,mittel
https://schweizmobil.ch/de/wanderland/route-977,Witzweg,8 km,260 m,380 m,2 h 10 min,,leicht
https://schweizmobil.ch/de/wanderland/route-979,Lauras Lieblingsplätze,10 km,480 m,480 m,3 h 10 min,leicht (Wanderweg),mittel
https://schweizmobil.ch/de/wanderland/route-980,Appenzeller Alpenweg,29 km,1’700 m,1’700 m,,mittel (Bergwanderweg),schwer
https://schweizmobil.ch/de/wanderland/route-981,Hundwiler Höhi,9 km,520 m,520 m,2 h 55 min,leicht (Wanderweg),mittel
https://schweizmobil.ch/de/wanderland/route-988,Geologischer Wanderweg Alpstein,16 km,640 m,1’500 m,5 h 24 min,mittel (Bergwanderweg),schwer
https://schweizmobil.ch/de/wanderland/route-990,Appenzeller Kapellenweg,16 km,460 m,460 m,4 h 20 min,,mittel
https://schweizmobil.ch/de/wanderland/route-994,Fürstensteig,6 km,560 m,560 m,2 h 30 min,,mittel
https://schweizmobil.ch/de/wanderland/route-995,Fürstin-Gina-Weg Malbun,12 km,950 m,950 m,4 h 45 min,mittel (Bergwanderweg),schwer
https://schweizmobil.ch/de/wanderland/route-996,Eschnerberg-Höhenweg,11 km,460 m,460 m,3 h 15 min,leicht (Wanderweg),mittel
https://schweizmobil.ch/de/wanderland/route-997,Ellhorn Rundweg,8 km,240 m,240 m,2 h 15 min,,leicht
https://schweizmobil.ch/de/wanderland/route-998,Triesenberger Philosophenweg,11 km,620 m,620 m,3 h 30 min,mittel (Bergwanderweg),mittel
https://schweizmobil.ch/de/wanderland/route-999,Schönberg-Weg,12 km,840 m,840 m,4 h 24 min,,mittel
https://schweizmobil.ch/de/wanderland/route-22/etappe-1,Kulturspur Appenzellerland Etappe 1: Degersheim – Stein AR,19 km,840 m,840 m,5 h 35 min,leicht (Wanderweg),schwer
https://schweizmobil.ch/de/wanderland/route-22/etappe-2,Kulturspur Appenzellerland Etappe 2: Stein AR – Trogen,16 km,820 m,720 m,5 h,leicht (Wanderweg),mittel
https://schweizmobil.ch/de/wanderland/route-22/etappe-3,Kulturspur Appenzellerland Etappe 3: Trogen – Rheineck,21 km,720 m,1’250 m,6 h,,schwer
https://schweizmobil.ch/de/wanderland/route-23/etappe-1,Senda Scuol–Samnaun Etappe 1: Scuol – Heidelberger Hütte DAV,25 km,1’700 m,720 m,8 h 10 min,mittel (Bergwanderweg),schwer
https://schweizmobil.ch/de/wanderland/route-23/etappe-2,Senda Scuol–Samnaun Etappe 2: Heidelberger Hütte DAV – Samnaun,12 km,600 m,1’050 m,4 h,,schwer
https://schweizmobil.ch/de/wanderland/route-24/etappe-1,"Thurweg Etappe 1: Wildhaus, Gamplüt – Nesslau",20 km,280 m,880 m,5 h 15 min,,schwer
https://schweizmobil.ch/de/wanderland/route-24/etappe-2,Thurweg Etappe 2: Nesslau – Wattwil,16 km,260 m,420 m,4 h 15 min,leicht (Wanderweg),mittel
https://schweizmobil.ch/de/wanderland/route-24/etappe-3,Thurweg Etappe 3: Wattwil – Schwarzenbach SG,26 km,660 m,740 m,6 h 50 min,leicht (Wanderweg),schwer
https://schweizmobil.ch/de/wanderland/route-24/etappe-4,Thurweg Etappe 4: Schwarzenbach SG – Bischofszell,19 km,130 m,160 m,4 h 30 min,leicht (Wanderweg),mittel
https://schweizmobil.ch/de/wanderland/route-24/etappe-5,Thurweg Etappe 5: Bischofszell – Weinfelden,18 km,130 m,200 m,4 h 24 min,,mittel
https://schweizmobil.ch/de/wanderland/route-24/etappe-6,Thurweg Etappe 6: Weinfelden – Frauenfeld,24 km,90 m,120 m,5 h 45 min,leicht (Wanderweg),schwer
https://schweizmobil.ch/de/wanderland/route-24/etappe-7,Thurweg Etappe 7: Frauenfeld – Andelfingen,24 km,220 m,220 m,6 h,,schwer
https://schweizmobil.ch/de/wanderland/route-24/etappe-8,Thurweg Etappe 8: Andelfingen – Rüdlingen,15 km,110 m,140 m,3 h 34 min,leicht (Wanderweg),mittel
https://schweizmobil.ch/de/wanderland/route-25/etappe-1,Senda Segantini Etappe 1: Savognin – Bivio,21 km,1’400 m,840 m,7 h,mittel (Bergwanderweg),schwer
https://schweizmobil.ch/de/wanderland/route-25/etappe-2,Senda Segantini Etappe 2: Bivio – Maloja,16 km,950 m,880 m,5 h 15 min,mittel (Bergwanderweg),schwer
https://schweizmobil.ch/de/wanderland/route-25/etappe-3,Senda Segantini Etappe 3: Maloja – St. Moritz,20 km,460 m,500 m,5 h 20 min,mittel (Bergwanderweg),schwer
https://schweizmobil.ch/de/wanderland/route-25/etappe-4,Senda Segantini Etappe 4: St. Moritz – Muottas Muragl,15 km,1’200 m,520 m,5 h 24 min,mittel (Bergwanderweg),schwer
https://schweizmobil.ch/de/wanderland/route-26/etappe-1,Panorama Rundweg Thunersee Etappe 1: Thun – Sigriswil,11 km,640 m,400 m,3 h 45 min,leicht (Wanderweg),mittel
https://schweizmobil.ch/de/wanderland/route-26/etappe-2,Panorama Rundweg Thunersee Etappe 2: Sigriswil – Interlaken,17 km,460 m,700 m,4 h 45 min,,mittel
https://schweizmobil.ch/de/wanderland/route-26/etappe-3,Panorama Rundweg Thunersee Etappe 3: Interlaken – Spiez,20 km,740 m,740 m,5 h 50 min,,schwer
https://schweizmobil.ch/de/wanderland/route-26/etappe-4,Panorama Rundweg Thunersee Etappe 4: Spiez – Thun,14 km,340 m,340 m,3 h 45 min,,mittel
https://schweizmobil.ch/de/wanderland/route-27/etappe-1,Swiss Tour Monte Rosa Etappe 1: Saas Fee – Grächen,20 km,1’250 m,1’450 m,7 h 9 min,mittel (Bergwanderweg),schwer
https://schweizmobil.ch/de/wanderland/route-27/etappe-2,Swiss Tour Monte Rosa Etappe 2: Grächen – Europahütte,17 km,1’750 m,1’100 m,7 h,mittel (Bergwanderweg),schwer
https://schweizmobil.ch/de/wanderland/route-27/etappe-3,Swiss Tour Monte Rosa Etappe 3: Europahütte – Zermatt,20 km,1’000 m,1’650 m,6 h 45 min,mittel (Bergwanderweg),schwer
https://schweizmobil.ch/de/wanderland/route-29/etappe-1,Pragelpass-Weg Etappe 1: Schwyz – Muotathal,14 km,320 m,220 m,3 h 30 min,leicht (Wanderweg),mittel
https://schweizmobil.ch/de/wanderland/route-29/etappe-2,Pragelpass-Weg Etappe 2: Muotathal – Hinter Klöntal,20 km,1’100 m,880 m,6 h 20 min,,schwer
https://schweizmobil.ch/de/wanderland/route-29/etappe-3,Pragelpass-Weg Etappe 3: Hinter Klöntal – Glarus,14 km,190 m,560 m,3 h 34 min,,mittel
https://schweizmobil.ch/de/wanderland/route-30/etappe-2,ViaValtellina Etappe 2: Gargellen (A) – Klosters (Schlappin),9 km,840 m,580 m,4 h,mittel (Bergwanderweg),mittel
https://schweizmobil.ch/de/wanderland/route-30/etappe-3,ViaValtellina Etappe 3: Klosters (Schlappin) – Davos,19 km,720 m,820 m,5 h 30 min,mittel (Bergwanderweg),schwer
https://schweizmobil.ch/de/wanderland/route-30/etappe-4,ViaValtellina Etappe 4: Davos – S-chanf,33 km,1’300 m,1’200 m,9 h 25 min,mittel (Bergwanderweg),schwer
https://schweizmobil.ch/de/wanderland/route-30/etappe-5,ViaValtellina Etappe 5: S-chanf – Pontresina,21 km,380 m,260 m,5 h 15 min,,schwer
https://schweizmobil.ch/de/wanderland/route-30/etappe-6,ViaValtellina Etappe 6: Pontresina – Ospizio Bernina,17 km,720 m,240 m,4 h 45 min,mittel (Bergwanderweg),mittel
https://schweizmobil.ch/de/wanderland/route-30/etappe-7,ViaValtellina Etappe 7: Ospizio Bernina – Poschiavo,14 km,120 m,1’350 m,4 h,,schwer
https://schweizmobil.ch/de/wanderland/route-30/etappe-8,ViaValtellina Etappe 8: Poschiavo – San Romerio,11 km,1’150 m,360 m,4 h 20 min,,schwer
https://schweizmobil.ch/de/wanderland/route-30/etappe-9,ViaValtellina Etappe 9: San Romerio – Tirano (I),12 km,190 m,1’550 m,3 h 45 min,mittel (Bergwanderweg),schwer
https://schweizmobil.ch/de/wanderland/route-31/etappe-1,Chemin du Jura Etappe 1: Delémont – Lucelle,18 km,900 m,660 m,5 h 39 min,,schwer
https://schweizmobil.ch/de/wanderland/route-31/etappe-2,Chemin du Jura Etappe 2: Lucelle – Porrentruy,19 km,440 m,660 m,5 h,,mittel
https://schweizmobil.ch/de/wanderland/route-31/etappe-3,Chemin du Jura Etappe 3: Porrentruy – St-Ursanne,17 km,600 m,600 m,4 h 45 min,,mittel
https://schweizmobil.ch/de/wanderland/route-31/etappe-4,Chemin du Jura Etappe 4: St-Ursanne – Glovelier,18 km,640 m,580 m,5 h,leicht (Wanderweg),schwer
https://schweizmobil.ch/de/wanderland/route-31/etappe-5,Chemin du Jura Etappe 5: Glovelier – Saignelégier,21 km,620 m,140 m,5 h 35 min,leicht (Wanderweg),schwer
https://schweizmobil.ch/de/wanderland/route-1/etappe-1,"Via Alpina Etappe 1: Vaduz (Gaflei, FL) – Sargans",28 km,480 m,1’600 m,7 h 30 min,leicht (Wanderweg),schwer
https://schweizmobil.ch/de/wanderland/route-1/etappe-2,Via Alpina Etappe 2: Sargans – Weisstannen,13 km,820 m,300 m,4 h 15 min,leicht (Wanderweg),mittel
https://schweizmobil.ch/de/wanderland/route-1/etappe-3,Via Alpina Etappe 3: Weisstannen – Elm,22 km,1’400 m,1’450 m,7 h 50 min,mittel (Bergwanderweg),schwer
https://schweizmobil.ch/de/wanderland/route-1/etappe-4,Via Alpina Etappe 4: Elm – Linthal,25 km,1’650 m,1’950 m,9 h 10 min,mittel (Bergwanderweg),schwer
https://schweizmobil.ch/de/wanderland/route-1/etappe-5,Via Alpina Etappe 5: Linthal – Urner Boden,16 km,1’100 m,380 m,5 h 24 min,mittel (Bergwanderweg),schwer (Ohne Aufstieg nach Braunwald: mittel)
https://schweizmobil.ch/de/wanderland/route-1/etappe-6,Via Alpina Etappe 6: Urner Boden – Altdorf (UR),27 km,1’050 m,1’900 m,8 h 19 min,,schwer
https://schweizmobil.ch/de/wanderland/route-1/etappe-7,Via Alpina Etappe 7: Altdorf (UR) – Engelberg,29 km,2’100 m,1’500 m,10 h 45 min,mittel (Bergwanderweg),schwer
https://schweizmobil.ch/de/wanderland/route-1/etappe-8,Via Alpina Etappe 8: Engelberg – Engstlenalp,12 km,1’300 m,440 m,5 h,,schwer
https://schweizmobil.ch/de/wanderland/route-1/etappe-9,Via Alpina Etappe 9: Engstlenalp – Meiringen,22 km,740 m,1’950 m,7 h,mittel (Bergwanderweg),schwer
https://schweizmobil.ch/de/wanderland/route-1/etappe-10,Via Alpina Etappe 10: Meiringen – Grindelwald,23 km,1’500 m,1’100 m,7 h 50 min,,schwer
https://schweizmobil.ch/de/wanderland/route-1/etappe-11,Via Alpina Etappe 11: Grindelwald – Lauterbrunnen,20 km,1’200 m,1’400 m,6 h 45 min,leicht (Wanderweg),schwer
https://schweizmobil.ch/de/wanderland/route-1/etappe-12,Via Alpina Etappe 12: Lauterbrunnen – Griesalp,22 km,2’000 m,1’400 m,9 h,,schwer
https://schweizmobil.ch/de/wanderland/route-1/etappe-13,Via Alpina Etappe 13: Griesalp – Kandersteg,17 km,1’450 m,1’700 m,7 h 15 min,mittel (Bergwanderweg),schwer
https://schweizmobil.ch/de/wanderland/route-1/etappe-14,Via Alpina Etappe 14: Kandersteg – Adelboden,16 km,1’400 m,1’250 m,6 h 39 min,,schwer
https://schweizmobil.ch/de/wanderland/route-1/etappe-15,Via Alpina Etappe 15: Adelboden – Lenk,14 km,700 m,1’000 m,4 h 30 min,leicht (Wanderweg),schwer
https://schweizmobil.ch/de/wanderland/route-1/etappe-16,Via Alpina Etappe 16: Lenk – Gstaad,22 km,1’150 m,1’150 m,7 h,,schwer
https://schweizmobil.ch/de/wanderland/route-1/etappe-17,Via Alpina Etappe 17: Gstaad – L'Etivaz,16 km,1’250 m,1’200 m,6 h 24 min,mittel (Bergwanderweg),schwer
https://schweizmobil.ch/de/wanderland/route-1/etappe-18,Via Alpina Etappe 18: L'Etivaz – Rossinière,14 km,320 m,580 m,3 h 40 min,,mittel
https://schweizmobil.ch/de/wanderland/route-1/etappe-19,Via Alpina Etappe 19: Rossinière – Rochers de Naye,19 km,1’900 m,840 m,7 h 39 min,mittel (Bergwanderweg),schwer
https://schweizmobil.ch/de/wanderland/route-1/etappe-20,Via Alpina Etappe 20: Rochers de Naye – Montreux,13 km,90 m,1’650 m,3 h 49 min,,schwer
https://schweizmobil.ch/de/wanderland/route-2/etappe-1,Trans Swiss Trail Etappe 1: Porrentruy – St-Ursanne,17 km,600 m,600 m,4 h 45 min,,mittel
https://schweizmobil.ch/de/wanderland/route-2/etappe-2,Trans Swiss Trail Etappe 2: St-Ursanne – Soubey,15 km,260 m,220 m,3 h 49 min,,mittel
https://schweizmobil.ch/de/wanderland/route-2/etappe-3,Trans Swiss Trail Etappe 3: Soubey – Saignelégier,12 km,800 m,280 m,4 h,leicht (Wanderweg),mittel
https://schweizmobil.ch/de/wanderland/route-2/etappe-4,Trans Swiss Trail Etappe 4: Saignelégier – St-Imier,20 km,500 m,680 m,5 h 15 min,leicht (Wanderweg),schwer
https://schweizmobil.ch/de/wanderland/route-2/etappe-5,Trans Swiss Trail Etappe 5: St-Imier – Chézard-St-Martin,15 km,580 m,560 m,4 h 20 min,,mittel
https://schweizmobil.ch/de/wanderland/route-2/etappe-6,Trans Swiss Trail Etappe 6: Chézard-St-Martin – Neuchâtel,11 km,200 m,560 m,2 h 55 min,,mittel
https://schweizmobil.ch/de/wanderland/route-2/etappe-7,Trans Swiss Trail Etappe 7: Neuchâtel – Murten,19 km,320 m,320 m,4 h 50 min,,mittel
https://schweizmobil.ch/de/wanderland/route-2/etappe-8,Trans Swiss Trail Etappe 8: Murten – Laupen,15 km,280 m,240 m,3 h 40 min,leicht (Wanderweg),mittel
https://schweizmobil.ch/de/wanderland/route-2/etappe-9,Trans Swiss Trail Etappe 9: Laupen – Bern,22 km,420 m,360 m,5 h 35 min,,schwer
https://schweizmobil.ch/de/wanderland/route-2/etappe-10,Trans Swiss Trail Etappe 10: Bern – Worb,16 km,300 m,240 m,4 h,,mittel
https://schweizmobil.ch/de/wanderland/route-2/etappe-11,Trans Swiss Trail Etappe 11: Worb – Lützelflüh,18 km,640 m,640 m,5 h,,mittel
https://schweizmobil.ch/de/wanderland/route-2/etappe-12,Trans Swiss Trail Etappe 12: Lützelflüh – Langnau i.E.,13 km,150 m,60 m,3 h 19 min,leicht (Wanderweg),mittel
https://schweizmobil.ch/de/wanderland/route-2/etappe-13,Trans Swiss Trail Etappe 13: Langnau i.E. – Eggiwil,12 km,580 m,520 m,3 h 40 min,leicht (Wanderweg),mittel
https://schweizmobil.ch/de/wanderland/route-2/etappe-14,Trans Swiss Trail Etappe 14: Eggiwil – Schangnau,13 km,800 m,600 m,4 h 20 min,leicht (Wanderweg),mittel
https://schweizmobil.ch/de/wanderland/route-2/etappe-15,Trans Swiss Trail Etappe 15: Schangnau – Sörenberg,19 km,860 m,640 m,5 h 39 min,leicht (Wanderweg),schwer
https://schweizmobil.ch/de/wanderland/route-2/etappe-16,Trans Swiss Trail Etappe 16: Sörenberg – Giswil,19 km,700 m,1’400 m,5 h 50 min,,schwer
https://schweizmobil.ch/de/wanderland/route-2/etappe-17,Trans Swiss Trail Etappe 17: Giswil – Flüeli-Ranft,10 km,340 m,100 m,2 h 45 min,,leicht
https://schweizmobil.ch/de/wanderland/route-2/etappe-18,Trans Swiss Trail Etappe 18: Flüeli-Ranft – Stans,17 km,520 m,780 m,4 h 35 min,,mittel
https://schweizmobil.ch/de/wanderland/route-2/etappe-19,Trans Swiss Trail Etappe 19: Stans – Seelisberg,20 km,800 m,480 m,5 h 50 min,leicht (Wanderweg),schwer
https://schweizmobil.ch/de/wanderland/route-2/etappe-20,Trans Swiss Trail Etappe 20: Seelisberg – Erstfeld,24 km,300 m,640 m,6 h 9 min,,schwer
https://schweizmobil.ch/de/wanderland/route-2/etappe-21,Trans Swiss Trail Etappe 21: Erstfeld – Wassen,19 km,1’000 m,540 m,6 h,,schwer
https://schweizmobil.ch/de/wanderland/route-2/etappe-22,Trans Swiss Trail Etappe 22: Wassen – Andermatt,10 km,680 m,160 m,3 h 15 min,,mittel
https://schweizmobil.ch/de/wanderland/route-2/etappe-23,Trans Swiss Trail Etappe 23: Andermatt – Passo del S. Gottardo,13 km,780 m,120 m,4 h,mittel (Bergwanderweg),mittel
https://schweizmobil.ch/de/wanderland/route-2/etappe-24,Trans Swiss Trail Etappe 24: Passo del S. Gottardo – Airolo,7 km,20 m,950 m,2 h 4 min,,schwer
https://schweizmobil.ch/de/wanderland/route-2/etappe-25,Trans Swiss Trail Etappe 25: Airolo – Osco,18 km,760 m,760 m,5 h 15 min,mittel (Bergwanderweg),schwer
https://schweizmobil.ch/de/wanderland/route-2/etappe-26,Trans Swiss Trail Etappe 26: Osco – Anzonico,12 km,600 m,740 m,4 h,mittel (Bergwanderweg),mittel
https://schweizmobil.ch/de/wanderland/route-2/etappe-27,Trans Swiss Trail Etappe 27: Anzonico – Biasca,18 km,440 m,1’150 m,5 h 15 min,mittel (Bergwanderweg),schwer
https://schweizmobil.ch/de/wanderland/route-2/etappe-28,Trans Swiss Trail Etappe 28: Biasca – Bellinzona,25 km,120 m,170 m,6 h,leicht (Wanderweg),schwer
https://schweizmobil.ch/de/wanderland/route-2/etappe-29,Trans Swiss Trail Etappe 29: Bellinzona – Tesserete,24 km,1’400 m,1’100 m,8 h 15 min,mittel (Bergwanderweg),schwer
https://schweizmobil.ch/de/wanderland/route-2/etappe-30,Trans Swiss Trail Etappe 30: Tesserete – Lugano (Comano),5 km,220 m,220 m,1 h 30 min,,leicht
https://schweizmobil.ch/de/wanderland/route-2/etappe-31,Trans Swiss Trail Etappe 31: Lugano (Paradiso) – Morcote,12 km,840 m,880 m,4 h 30 min,mittel (Bergwanderweg),mittel
https://schweizmobil.ch/de/wanderland/route-2/etappe-32,Trans Swiss Trail Etappe 32: Morcote – Mendrisio,12 km,860 m,800 m,4 h 35 min,mittel (Bergwanderweg),mittel
https://schweizmobil.ch/de/wanderland/route-3/etappe-1,Alpenpanorama-Weg Etappe 1: Rorschach – Trogen,18 km,1’150 m,660 m,5 h 45 min,leicht (Wanderweg),schwer
https://schweizmobil.ch/de/wanderland/route-3/etappe-2,Alpenpanorama-Weg Etappe 2: Trogen – Appenzell,13 km,560 m,700 m,4 h,leicht (Wanderweg),mittel
https://schweizmobil.ch/de/wanderland/route-3/etappe-3,Alpenpanorama-Weg Etappe 3: Appenzell – Schwägalp,16 km,1’150 m,580 m,5 h 24 min,leicht (Wanderweg),schwer
https://schweizmobil.ch/de/wanderland/route-3/etappe-4,Alpenpanorama-Weg Etappe 4: Schwägalp – Stein SG,12 km,500 m,1’000 m,3 h 49 min,mittel (Bergwanderweg),schwer
https://schweizmobil.ch/de/wanderland/route-3/etappe-5,Alpenpanorama-Weg Etappe 5: Stein SG – Amden,14 km,880 m,800 m,4 h 45 min,leicht (Wanderweg),mittel
https://schweizmobil.ch/de/wanderland/route-3/etappe-6,Alpenpanorama-Weg Etappe 6: Amden – Siebnen,26 km,240 m,700 m,6 h 30 min,leicht (Wanderweg),schwer
https://schweizmobil.ch/de/wanderland/route-3/etappe-7,Alpenpanorama-Weg Etappe 7: Siebnen – Einsiedeln,23 km,1’100 m,680 m,6 h 50 min,leicht (Wanderweg),schwer
https://schweizmobil.ch/de/wanderland/route-3/etappe-8,Alpenpanorama-Weg Etappe 8: Einsiedeln – Unterägeri,19 km,720 m,860 m,5 h 24 min,,schwer
https://schweizmobil.ch/de/wanderland/route-3/etappe-9,Alpenpanorama-Weg Etappe 9: Unterägeri – Zug,13 km,240 m,560 m,3 h 19 min,leicht (Wanderweg),mittel
https://schweizmobil.ch/de/wanderland/route-3/etappe-10,Alpenpanorama-Weg Etappe 10: Zug – Luzern,29 km,760 m,740 m,7 h 45 min,leicht (Wanderweg),schwer
https://schweizmobil.ch/de/wanderland/route-3/etappe-11,Alpenpanorama-Weg Etappe 11: Luzern – Malters,12 km,500 m,440 m,3 h 40 min,,mittel
https://schweizmobil.ch/de/wanderland/route-3/etappe-12,Alpenpanorama-Weg Etappe 12: Malters – Wolhusen,10 km,220 m,150 m,2 h 40 min,leicht (Wanderweg),leicht
https://schweizmobil.ch/de/wanderland/route-3/etappe-13,Alpenpanorama-Weg Etappe 13: Wolhusen – Napf,17 km,1’150 m,300 m,5 h 30 min,leicht (Wanderweg),schwer
https://schweizmobil.ch/de/wanderland/route-3/etappe-14,Alpenpanorama-Weg Etappe 14: Napf – Lüderenalp,12 km,580 m,840 m,4 h,leicht (Wanderweg),mittel
https://schweizmobil.ch/de/wanderland/route-3/etappe-15,Alpenpanorama-Weg Etappe 15: Lüderenalp – Moosegg,16 km,640 m,820 m,4 h 45 min,leicht (Wanderweg),mittel
https://schweizmobil.ch/de/wanderland/route-3/etappe-16,Alpenpanorama-Weg Etappe 16: Moosegg – Münsingen,19 km,440 m,860 m,5 h,leicht (Wanderweg),schwer
https://schweizmobil.ch/de/wanderland/route-3/etappe-17,Alpenpanorama-Weg Etappe 17: Münsingen – Rüeggisberg,19 km,950 m,560 m,6 h,leicht (Wanderweg),schwer
https://schweizmobil.ch/de/wanderland/route-3/etappe-18,Alpenpanorama-Weg Etappe 18: Rüeggisberg – Guggisberg,17 km,820 m,620 m,5 h 20 min,,schwer
https://schweizmobil.ch/de/wanderland/route-3/etappe-19,Alpenpanorama-Weg Etappe 19: Guggisberg – Schwarzsee,16 km,660 m,740 m,5 h,,mittel
https://schweizmobil.ch/de/wanderland/route-3/etappe-20,Alpenpanorama-Weg Etappe 20: Schwarzsee – Jaun,12 km,720 m,760 m,4 h 9 min,leicht (Wanderweg),mittel
https://schweizmobil.ch/de/wanderland/route-3/etappe-21,Alpenpanorama-Weg Etappe 21: Jaun – Gruyères,22 km,500 m,780 m,6 h,,schwer
https://schweizmobil.ch/de/wanderland/route-3/etappe-22,Alpenpanorama-Weg Etappe 22: Gruyères – Les Paccots,16 km,950 m,620 m,5 h,,schwer
https://schweizmobil.ch/de/wanderland/route-3/etappe-23,Alpenpanorama-Weg Etappe 23: Les Paccots – Vevey (Corseaux),20 km,640 m,1’300 m,6 h,leicht (Wanderweg),schwer
https://schweizmobil.ch/de/wanderland/route-3/etappe-24,Alpenpanorama-Weg Etappe 24: Vevey (Corseaux) – Lausanne,19 km,360 m,420 m,4 h 50 min,,mittel
https://schweizmobil.ch/de/wanderland/route-3/etappe-25,Alpenpanorama-Weg Etappe 25: Lausanne – Morges,13 km,60 m,60 m,3 h,leicht (Wanderweg),mittel
https://schweizmobil.ch/de/wanderland/route-3/etappe-26,Alpenpanorama-Weg Etappe 26: Morges – Aubonne,21 km,400 m,260 m,5 h 20 min,leicht (Wanderweg),schwer
https://schweizmobil.ch/de/wanderland/route-3/etappe-27,Alpenpanorama-Weg Etappe 27: Aubonne – Nyon,30 km,540 m,640 m,7 h 24 min,,schwer
https://schweizmobil.ch/de/wanderland/route-3/etappe-28,Alpenpanorama-Weg Etappe 28: Nyon – Bogis-Bossey,9 km,150 m,80 m,2 h 15 min,leicht (Wanderweg),leicht
https://schweizmobil.ch/de/wanderland/route-3/etappe-29,Alpenpanorama-Weg Etappe 29: Bogis-Bossey – Genève,28 km,300 m,380 m,6 h 45 min,leicht (Wanderweg),schwer
https://schweizmobil.ch/de/wanderland/route-4/etappe-1,ViaJacobi Etappe 1: Rorschach – Herisau,25 km,800 m,420 m,6 h 45 min,leicht (Wanderweg),schwer
https://schweizmobil.ch/de/wanderland/route-4/etappe-2,ViaJacobi Etappe 2: Herisau – Wattwil,24 km,1’000 m,1’200 m,7 h 15 min,leicht (Wanderweg),schwer
https://schweizmobil.ch/de/wanderland/route-4/etappe-3,ViaJacobi Etappe 3: Wattwil – Rapperswil (SG),28 km,740 m,950 m,7 h 24 min,,schwer
https://schweizmobil.ch/de/wanderland/route-4/etappe-4,ViaJacobi Etappe 4: Rapperswil (SG) – Einsiedeln,17 km,780 m,300 m,4 h 50 min,,mittel
https://schweizmobil.ch/de/wanderland/route-4/etappe-5,ViaJacobi Etappe 5: Einsiedeln – Schwyz,19 km,600 m,950 m,5 h 35 min,mittel (Bergwanderweg),schwer
https://schweizmobil.ch/de/wanderland/route-4/etappe-6,ViaJacobi Etappe 6: Schwyz – Stans,29 km,860 m,900 m,8 h,mittel (Bergwanderweg),schwer
https://schweizmobil.ch/de/wanderland/route-4/etappe-7,ViaJacobi Etappe 7: Stans – Flüeli-Ranft,17 km,740 m,480 m,5 h,,mittel
https://schweizmobil.ch/de/wanderland/route-4/etappe-8,ViaJacobi Etappe 8: Flüeli-Ranft – Brünigpass,23 km,840 m,560 m,6 h 39 min,mittel (Bergwanderweg),schwer
https://schweizmobil.ch/de/wanderland/route-4/etappe-9,ViaJacobi Etappe 9: Brünigpass – Interlaken,30 km,860 m,1’300 m,8 h 15 min,,schwer
https://schweizmobil.ch/de/wanderland/route-4/etappe-10,ViaJacobi Etappe 10: Interlaken – Spiez,13 km,420 m,440 m,3 h 45 min,,mittel
https://schweizmobil.ch/de/wanderland/route-4/etappe-11,ViaJacobi Etappe 11: Spiez – Wattenwil,23 km,560 m,520 m,6 h,,schwer
https://schweizmobil.ch/de/wanderland/route-4/etappe-12,ViaJacobi Etappe 12: Wattenwil – Schwarzenburg,21 km,700 m,520 m,5 h 50 min,,schwer
https://schweizmobil.ch/de/wanderland/route-4/etappe-13,ViaJacobi Etappe 13: Schwarzenburg – Fribourg,21 km,400 m,560 m,5 h 15 min,leicht (Wanderweg),schwer
https://schweizmobil.ch/de/wanderland/route-4/etappe-14,ViaJacobi Etappe 14: Fribourg – Romont (FR),27 km,620 m,460 m,7 h,,schwer
https://schweizmobil.ch/de/wanderland/route-4/etappe-15,ViaJacobi Etappe 15: Romont (FR) – Moudon,15 km,170 m,440 m,3 h 34 min,leicht (Wanderweg),mittel
https://schweizmobil.ch/de/wanderland/route-4/etappe-16,ViaJacobi Etappe 16: Moudon – Lausanne,29 km,720 m,700 m,7 h 45 min,leicht (Wanderweg),schwer
https://schweizmobil.ch/de/wanderland/route-4/etappe-17,ViaJacobi Etappe 17: Lausanne – Rolle,31 km,280 m,420 m,7 h 39 min,leicht (Wanderweg),schwer
https://schweizmobil.ch/de/wanderland/route-4/etappe-18,ViaJacobi Etappe 18: Rolle – Coppet,29 km,400 m,360 m,7 h 9 min,leicht (Wanderweg),schwer
https://schweizmobil.ch/de/wanderland/route-4/etappe-19,ViaJacobi Etappe 19: Coppet – Genève,17 km,200 m,240 m,4 h 15 min,,mittel
https://schweizmobil.ch/de/wanderland/route-4/etappe-20,ViaJacobi Etappe 20: Genève – Genève (Grenze),10 km,180 m,90 m,2 h 30 min,leicht (Wanderweg),leicht
https://schweizmobil.ch/de/wanderland/route-4/etappe-21,"ViaJacobi Etappe 21: Kreuzlingen (Konstanz, D) – Märstetten",15 km,260 m,240 m,3 h 49 min,leicht (Wanderweg),mittel
https://schweizmobil.ch/de/wanderland/route-4/etappe-22,ViaJacobi Etappe 22: Märstetten – Fischingen,27 km,580 m,380 m,7 h,,schwer
https://schweizmobil.ch/de/wanderland/route-4/etappe-23,ViaJacobi Etappe 23: Fischingen – Rapperswil (SG),30 km,950 m,1’150 m,8 h 19 min,leicht (Wanderweg),schwer
https://schweizmobil.ch/de/wanderland/route-4/etappe-25,ViaJacobi Etappe 25: Luzern – Werthenstein,19 km,520 m,400 m,5 h 9 min,,schwer
https://schweizmobil.ch/de/wanderland/route-4/etappe-26,ViaJacobi Etappe 26: Werthenstein – Willisau,14 km,340 m,340 m,3 h 40 min,leicht (Wanderweg),mittel
https://schweizmobil.ch/de/wanderland/route-4/etappe-27,ViaJacobi Etappe 27: Willisau – Huttwil,16 km,500 m,420 m,4 h 20 min,leicht (Wanderweg),mittel
https://schweizmobil.ch/de/wanderland/route-4/etappe-28,ViaJacobi Etappe 28: Huttwil – Burgdorf,24 km,680 m,780 m,6 h 20 min,leicht (Wanderweg),schwer
https://schweizmobil.ch/de/wanderland/route-4/etappe-29,ViaJacobi Etappe 29: Burgdorf – Bern (Bärengraben),30 km,950 m,1’000 m,8 h 15 min,leicht (Wanderweg),schwer
https://schweizmobil.ch/de/wanderland/route-4/etappe-30,ViaJacobi Etappe 30: Bern (Bärengraben) – Rüeggisberg,22 km,860 m,460 m,6 h,,schwer
https://schweizmobil.ch/de/wanderland/route-4/etappe-32,ViaJacobi Etappe 32: Fribourg (Villars-sur-Glâne) – Payerne,20 km,280 m,540 m,5 h,leicht (Wanderweg),mittel
https://schweizmobil.ch/de/wanderland/route-4/etappe-33,ViaJacobi Etappe 33: Payerne – Moudon (Curtilles),16 km,90 m,20 m,4 h,leicht (Wanderweg),mittel
https://schweizmobil.ch/de/wanderland/route-4/etappe-34,ViaJacobi Etappe 34: Wattwil (Neuhaus) – Siebnen,14 km,220 m,260 m,3 h 40 min,,mittel
https://schweizmobil.ch/de/wanderland/route-4/etappe-35,ViaJacobi Etappe 35: Siebnen – Einsiedeln (St. Meinrad),11 km,500 m,110 m,3 h,,mittel
https://schweizmobil.ch/de/wanderland/route-5/etappe-1,Jura-Höhenweg Etappe 1: Dielsdorf – Brugg,25 km,900 m,1’000 m,7 h,,schwer
https://schweizmobil.ch/de/wanderland/route-5/etappe-2,Jura-Höhenweg Etappe 2: Brugg – Staffelegg,17 km,600 m,340 m,4 h 39 min,leicht (Wanderweg),mittel
https://schweizmobil.ch/de/wanderland/route-5/etappe-3,Jura-Höhenweg Etappe 3: Staffelegg – Hauenstein,20 km,900 m,860 m,6 h,,schwer
https://schweizmobil.ch/de/wanderland/route-5/etappe-4,Jura-Höhenweg Etappe 4: Hauenstein – Balsthal,21 km,950 m,1’150 m,6 h 30 min,,schwer
https://schweizmobil.ch/de/wanderland/route-5/etappe-5,Jura-Höhenweg Etappe 5: Balsthal – Weissenstein,21 km,1’200 m,420 m,6 h 20 min,,schwer
https://schweizmobil.ch/de/wanderland/route-5/etappe-6,Jura-Höhenweg Etappe 6: Weissenstein – Frinvillier,24 km,720 m,1’450 m,7 h,leicht (Wanderweg),schwer
https://schweizmobil.ch/de/wanderland/route-5/etappe-7,Jura-Höhenweg Etappe 7: Frinvillier – Chasseral,17 km,1’350 m,300 m,5 h 45 min,leicht (Wanderweg),schwer
https://schweizmobil.ch/de/wanderland/route-5/etappe-8,Jura-Höhenweg Etappe 8: Chasseral – Vue des Alpes,20 km,700 m,1’000 m,5 h 39 min,leicht (Wanderweg),schwer
https://schweizmobil.ch/de/wanderland/route-5/etappe-9,Jura-Höhenweg Etappe 9: Vue des Alpes – Noiraigue,22 km,860 m,1’400 m,6 h 45 min,leicht (Wanderweg),schwer
https://schweizmobil.ch/de/wanderland/route-5/etappe-10,Jura-Höhenweg Etappe 10: Noiraigue – Les Rochats,13 km,820 m,380 m,4 h 9 min,leicht (Wanderweg),mittel
https://schweizmobil.ch/de/wanderland/route-5/etappe-11,Jura-Höhenweg Etappe 11: Les Rochats – Ste-Croix,18 km,780 m,860 m,5 h 24 min,leicht (Wanderweg),schwer
https://schweizmobil.ch/de/wanderland/route-5/etappe-12,Jura-Höhenweg Etappe 12: Ste-Croix – Ballaigues,18 km,840 m,1’050 m,5 h 45 min,leicht (Wanderweg),schwer
https://schweizmobil.ch/de/wanderland/route-5/etappe-13,Jura-Höhenweg Etappe 13: Ballaigues – Le Pont,19 km,900 m,760 m,5 h 39 min,leicht (Wanderweg),schwer
https://schweizmobil.ch/de/wanderland/route-5/etappe-14,Jura-Höhenweg Etappe 14: Le Pont – Col du Marchairuz,22 km,1’050 m,620 m,6 h 24 min,,schwer
https://schweizmobil.ch/de/wanderland/route-5/etappe-15,Jura-Höhenweg Etappe 15: Col du Marchairuz – St-Cergue,17 km,460 m,860 m,4 h 39 min,leicht (Wanderweg),mittel
https://schweizmobil.ch/de/wanderland/route-5/etappe-16,Jura-Höhenweg Etappe 16: St-Cergue – Nyon,25 km,780 m,1’400 m,7 h 20 min,leicht (Wanderweg),schwer
https://schweizmobil.ch/de/wanderland/route-6/etappe-1,"Alpenpässe-Weg Etappe 1: St. Moritz, Corviglia – Fcla. Schlattain–Fcla. Suvretta – Jenatschhütte SAC",11 km,950 m,800 m,4 h 50 min,,schwer
https://schweizmobil.ch/de/wanderland/route-6/etappe-2,"Alpenpässe-Weg Etappe 2: Jenatschhütte SAC – Fcla. d'Agnel–Fcla. digl Leget – Sur GR, Alp Flix",13 km,740 m,1’400 m,5 h,,schwer
https://schweizmobil.ch/de/wanderland/route-6/etappe-3,"Alpenpässe-Weg Etappe 3: Sur GR, Alp Flix – Furschela da Colm–Alp Viglia – Savognin",20 km,900 m,1’700 m,6 h 39 min,mittel (Bergwanderweg),schwer
https://schweizmobil.ch/de/wanderland/route-6/etappe-4,Alpenpässe-Weg Etappe 4: Savognin – Radons–Pass da Schmorras – Ausserferrera,22 km,1’500 m,1’350 m,7 h 35 min,,schwer
https://schweizmobil.ch/de/wanderland/route-6/etappe-5,Alpenpässe-Weg Etappe 5: Ausserferrera – Alp Nursera–Rosschopf – Splügen,12 km,1’050 m,880 m,5 h,mittel (Bergwanderweg),schwer
https://schweizmobil.ch/de/wanderland/route-6/etappe-6,"Alpenpässe-Weg Etappe 6: Splügen – Safier Berg–Thalkirch–Camana – Safien Platz, Nühus",24 km,1’500 m,1’350 m,8 h 19 min,,schwer
https://schweizmobil.ch/de/wanderland/route-6/etappe-7,"Alpenpässe-Weg Etappe 7: Safien Platz, Nühus – Güner Lückli–Duvin–Peiden Bad – Vella",22 km,1’350 m,1’750 m,7 h 35 min,,schwer
https://schweizmobil.ch/de/wanderland/route-6/etappe-8,Alpenpässe-Weg Etappe 8: Vella – Stei–Piz Sezner – Vrin,21 km,1’500 m,1’300 m,7 h 30 min,mittel (Bergwanderweg),schwer
https://schweizmobil.ch/de/wanderland/route-6/etappe-9,Alpenpässe-Weg Etappe 9: Vrin – Cap. Scaletta,19 km,1’550 m,780 m,7 h,mittel (Bergwanderweg),schwer
https://schweizmobil.ch/de/wanderland/route-6/etappe-10,Alpenpässe-Weg Etappe 10: Cap. Scaletta – Cap. Bovarina,15 km,760 m,1’100 m,5 h,mittel (Bergwanderweg),schwer
https://schweizmobil.ch/de/wanderland/route-6/etappe-11,Alpenpässe-Weg Etappe 11: Cap. Bovarina – Cap. Cadagno,17 km,1’200 m,1’100 m,6 h 15 min,mittel (Bergwanderweg),schwer
https://schweizmobil.ch/de/wanderland/route-6/etappe-12,Alpenpässe-Weg Etappe 12: Cap. Cadagno – Airolo,14 km,260 m,1’100 m,4 h,,schwer
https://schweizmobil.ch/de/wanderland/route-6/etappe-13,Alpenpässe-Weg Etappe 13: Airolo – Cap. Corno-Gries,26 km,1’950 m,760 m,9 h,,schwer
https://schweizmobil.ch/de/wanderland/route-6/etappe-14,Alpenpässe-Weg Etappe 14: Cap. Corno-Gries – Rif. Margaroli,16 km,1’150 m,1’300 m,6 h 20 min,mittel (Bergwanderweg),schwer
https://schweizmobil.ch/de/wanderland/route-6/etappe-15,Alpenpässe-Weg Etappe 15: Rif. Margaroli – Binn,20 km,880 m,1’650 m,6 h 35 min,mittel ( Bergwanderweg),schwer
https://schweizmobil.ch/de/wanderland/route-6/etappe-16,Alpenpässe-Weg Etappe 16: Binn – Rosswald,17 km,1’350 m,900 m,6 h 20 min,mittel (Bergwanderweg),schwer
https://schweizmobil.ch/de/wanderland/route-6/etappe-17,Alpenpässe-Weg Etappe 17: Rosswald – Simplon Hospiz,19 km,1’150 m,950 m,6 h 24 min,,schwer
https://schweizmobil.ch/de/wanderland/route-6/etappe-18,Alpenpässe-Weg Etappe 18: Simplon Hospiz – Gspon,23 km,1’000 m,1’100 m,7 h 9 min,mittel (Bergwanderweg),schwer
https://schweizmobil.ch/de/wanderland/route-6/etappe-19,Alpenpässe-Weg Etappe 19: Gspon – Saas Fee,17 km,900 m,1’000 m,5 h 35 min,,schwer
https://schweizmobil.ch/de/wanderland/route-6/etappe-20,Alpenpässe-Weg Etappe 20: Saas Fee – Grächen,20 km,1’250 m,1’450 m,7 h 9 min,mittel (Bergwanderweg),schwer
https://schweizmobil.ch/de/wanderland/route-6/etappe-21,Alpenpässe-Weg Etappe 21: Grächen – Gruben,22 km,2’000 m,1’750 m,9 h 10 min,,schwer
https://schweizmobil.ch/de/wanderland/route-6/etappe-22,Alpenpässe-Weg Etappe 22: Gruben – Hotel Weisshorn,11 km,1’150 m,640 m,4 h 39 min,mittel (Bergwanderweg),schwer
https://schweizmobil.ch/de/wanderland/route-6/etappe-23,Alpenpässe-Weg Etappe 23: Hotel Weisshorn – Grimentz,12 km,500 m,1’250 m,4 h,,schwer
https://schweizmobil.ch/de/wanderland/route-6/etappe-24,Alpenpässe-Weg Etappe 24: Grimentz – Cab. des Becs de Bosson,10 km,1’500 m,90 m,4 h 39 min,mittel (Bergwanderweg),schwer
https://schweizmobil.ch/de/wanderland/route-6/etappe-25,Alpenpässe-Weg Etappe 25: Cab. des Becs de Bosson – Evolène,11 km,100 m,1’700 m,3 h 34 min,mittel (Bergwanderweg),schwer
https://schweizmobil.ch/de/wanderland/route-6/etappe-26,Alpenpässe-Weg Etappe 26: Evolène – Arolla,15 km,1’500 m,880 m,6 h 15 min,mittel (Bergwanderweg),schwer
https://schweizmobil.ch/de/wanderland/route-6/etappe-27,Alpenpässe-Weg Etappe 27: Arolla – Cab. des Dix,11 km,1’350 m,440 m,5 h,,schwer
https://schweizmobil.ch/de/wanderland/route-6/etappe-28,Alpenpässe-Weg Etappe 28: Cab. des Dix – Cab. de Prafleuri,12 km,600 m,860 m,4 h 9 min,,mittel
https://schweizmobil.ch/de/wanderland/route-6/etappe-29,Alpenpässe-Weg Etappe 29: Cab. de Prafleuri – Cab. de Louvie,11 km,780 m,1’200 m,4 h 35 min,,schwer
https://schweizmobil.ch/de/wanderland/route-6/etappe-30,Alpenpässe-Weg Etappe 30: Cab. de Louvie – Mauvoisin,11 km,900 m,1’300 m,4 h 50 min,,schwer
https://schweizmobil.ch/de/wanderland/route-6/etappe-31,Alpenpässe-Weg Etappe 31: Mauvoisin – Cab. de Brunet,14 km,1’300 m,1’050 m,6 h,,schwer
https://schweizmobil.ch/de/wanderland/route-6/etappe-32,Alpenpässe-Weg Etappe 32: Cab. de Brunet – Bourg-St-Pierre,19 km,950 m,1’450 m,6 h 30 min,,schwer
https://schweizmobil.ch/de/wanderland/route-6/etappe-33,Alpenpässe-Weg Etappe 33: Bourg-St-Pierre – Col du Gd St-Bernard,12 km,1’050 m,220 m,4 h 15 min,leicht (Wanderweg),schwer
https://schweizmobil.ch/de/wanderland/route-6/etappe-34,Alpenpässe-Weg Etappe 34: Col du Gd St-Bernard – La Fouly,16 km,680 m,1’550 m,5 h 20 min,mittel (Bergwanderweg),schwer
https://schweizmobil.ch/de/wanderland/route-6/etappe-35,Alpenpässe-Weg Etappe 35: La Fouly – Champex-Lac,15 km,620 m,740 m,4 h 30 min,,mittel
https://schweizmobil.ch/de/wanderland/route-6/etappe-36,Alpenpässe-Weg Etappe 36: Champex – Trient,16 km,880 m,1’050 m,5 h 24 min,,schwer
https://schweizmobil.ch/de/wanderland/route-6/etappe-37,Alpenpässe-Weg Etappe 37: Trient – Lac d’Emosson,15 km,1’650 m,1’000 m,6 h 45 min,mittel (Bergwanderweg),schwer
https://schweizmobil.ch/de/wanderland/route-6/etappe-38,Alpenpässe-Weg Etappe 38: Lac d’Emosson – Cab. de Salanfe,14 km,1’150 m,1’150 m,5 h 45 min,mittel (Bergwanderweg),schwer
https://schweizmobil.ch/de/wanderland/route-6/etappe-39,Alpenpässe-Weg Etappe 39: Cab. de Salanfe – Barme,15 km,1’000 m,1’400 m,5 h 45 min,,schwer
https://schweizmobil.ch/de/wanderland/route-6/etappe-40,Alpenpässe-Weg Etappe 40: Barme – Morgins,21 km,1’050 m,1’250 m,6 h 39 min,leicht (Wanderweg),schwer
https://schweizmobil.ch/de/wanderland/route-6/etappe-41,Alpenpässe-Weg Etappe 41: Morgins – Torgon,18 km,1’000 m,1’200 m,6 h,mittel (Bergwanderweg),schwer
https://schweizmobil.ch/de/wanderland/route-6/etappe-42,Alpenpässe-Weg Etappe 42: Torgon – Taney,10 km,950 m,620 m,4 h,,schwer
https://schweizmobil.ch/de/wanderland/route-6/etappe-43,Alpenpässe-Weg Etappe 43: Taney – St-Gingolph,16 km,760 m,1’800 m,5 h 45 min,mittel (Bergwanderweg),schwer
https://schweizmobil.ch/de/wanderland/route-7/etappe-1,ViaGottardo Etappe 1: Basel – Liestal,20 km,520 m,480 m,5 h 24 min,,schwer
https://schweizmobil.ch/de/wanderland/route-7/etappe-2,ViaGottardo Etappe 2: Liestal – Läufelfingen,20 km,660 m,420 m,5 h 35 min,leicht (Wanderweg),schwer
https://schweizmobil.ch/de/wanderland/route-7/etappe-3,ViaGottardo Etappe 3: Läufelfingen – Olten,8 km,170 m,320 m,2 h,leicht (Wanderweg),leicht
https://schweizmobil.ch/de/wanderland/route-7/etappe-4,ViaGottardo Etappe 4: Olten – Zofingen,15 km,420 m,400 m,4 h,leicht (Wanderweg),mittel
https://schweizmobil.ch/de/wanderland/route-7/etappe-5,ViaGottardo Etappe 5: Zofingen – Sursee,26 km,580 m,500 m,6 h 45 min,leicht (Wanderweg),schwer
https://schweizmobil.ch/de/wanderland/route-7/etappe-6,ViaGottardo Etappe 6: Sursee – Luzern,30 km,340 m,400 m,7 h 20 min,,schwer
https://schweizmobil.ch/de/wanderland/route-7/etappe-7,ViaGottardo Etappe 7: Luzern – Altdorf,4 km,70 m,50 m,55 min,leicht (Wanderweg),leicht
https://schweizmobil.ch/de/wanderland/route-7/etappe-8,ViaGottardo Etappe 8: Altdorf – Wassen,28 km,1’100 m,620 m,8 h,leicht (Wanderweg),schwer
https://schweizmobil.ch/de/wanderland/route-7/etappe-9,ViaGottardo Etappe 9: Wassen – Andermatt,10 km,680 m,160 m,3 h 15 min,,mittel
https://schweizmobil.ch/de/wanderland/route-7/etappe-10,ViaGottardo Etappe 10: Andermatt – Gotthardpass,13 km,780 m,120 m,4 h,mittel (Bergwanderweg),mittel
https://schweizmobil.ch/de/wanderland/route-7/etappe-11,ViaGottardo Etappe 11: Gotthardpass – Airolo,7 km,20 m,950 m,2 h 4 min,mittel (Bergwanderweg),schwer
https://schweizmobil.ch/de/wanderland/route-7/etappe-12,ViaGottardo Etappe 12: Airolo – Rodi,14 km,360 m,560 m,3 h 45 min,,mittel
https://schweizmobil.ch/de/wanderland/route-7/etappe-13,ViaGottardo Etappe 13: Rodi – Lavorgo,13 km,240 m,560 m,3 h 25 min,,mittel
https://schweizmobil.ch/de/wanderland/route-7/etappe-14,ViaGottardo Etappe 14: Lavorgo – Biasca,20 km,840 m,1’150 m,6 h 24 min,leicht (Wanderweg),schwer
https://schweizmobil.ch/de/wanderland/route-7/etappe-15,ViaGottardo Etappe 15: Biasca – Bellinzona,25 km,120 m,170 m,6 h,,schwer
https://schweizmobil.ch/de/wanderland/route-7/etappe-16,ViaGottardo Etappe 16: Bellinzona – Tesserete,22 km,1’250 m,1’000 m,7 h 30 min,mittel (Bergwanderweg),schwer
https://schweizmobil.ch/de/wanderland/route-7/etappe-17,ViaGottardo Etappe 17: Tesserete – Lugano (Comano),5 km,220 m,220 m,1 h 30 min,leicht (Wanderweg),leicht
https://schweizmobil.ch/de/wanderland/route-7/etappe-18,ViaGottardo Etappe 18: Lugano (Paradiso) – Morcote,12 km,820 m,840 m,4 h 24 min,,mittel
https://schweizmobil.ch/de/wanderland/route-7/etappe-19,ViaGottardo Etappe 19: Morcote – Mendrisio,14 km,640 m,580 m,4 h 9 min,leicht (Wanderweg),mittel
https://schweizmobil.ch/de/wanderland/route-7/etappe-20,ViaGottardo Etappe 20: Mendrisio – Chiasso,14 km,440 m,540 m,4 h,,mittel
